sharpe_bh,sharpe_strategy_net,max_dd_net,meta_sharpe_strategy_net,meta_max_dd_net,dm_stat,dm_p_value_two_sided,dm_mean_d,dm_var_mean_d,dm_meta_stat,dm_meta_p_value_two_sided,spa_p_value_one_sided,spa_observed_mean,threshold
0.9385450304062772,-2.6413076010719863,-0.06908130744582486,6.869449759253476,-0.00032139517364937475,2.349193949151434,0.018814103928832857,0.03005751035638146,0.00016370738214387158,7.621470675708416,2.508016202756635e-14,0.565,-0.009436915562078292,0.6
