sharpe_bh,sharpe_strategy_net,max_dd_net,meta_sharpe_strategy_net,meta_max_dd_net,dm_stat,dm_p_value_two_sided,dm_mean_d,dm_var_mean_d,dm_meta_stat,dm_meta_p_value_two_sided,spa_p_value_one_sided,spa_observed_mean,threshold
0.9385450304062772,-1.8612738342256878,-0.08799030115088247,3.6550410881880526,-0.00242095885879956,1.2590375616986333,0.208016765021171,0.009226721748185075,5.370534040366573e-05,8.536728962545006,1.3807492573322609e-17,0.5335,-0.009490942248233807,0.6
