sharpe_bh,sharpe_strategy_net,max_dd_net,meta_sharpe_strategy_net,meta_max_dd_net,dm_stat,dm_p_value_two_sided,dm_mean_d,dm_var_mean_d,dm_meta_stat,dm_meta_p_value_two_sided,spa_p_value_one_sided,spa_observed_mean,threshold
0.9385450304062772,0.039971671376944504,-0.02261463412286524,3.543879766948039,-0.0023727808911379045,2.2616598289848784,0.023718428458178238,0.024329913215304727,0.00011572482989054168,8.385274348619886,5.060758646742534e-17,0.56,-0.009202413478107567,0.6
