sharpe_bh,sharpe_strategy_net,max_dd_net,meta_sharpe_strategy_net,meta_max_dd_net,dm_stat,dm_p_value_two_sided,dm_mean_d,dm_var_mean_d,dm_meta_stat,dm_meta_p_value_two_sided,spa_p_value_one_sided,spa_observed_mean,threshold
0.9385450304062772,-0.5528387027145835,-0.026599618759921784,3.2017709581580363,-0.002401006878937073,2.176050545473322,0.02955148125731408,0.02198840474629714,0.0001021055824703106,8.63999299981473,5.6216465660832e-18,0.537,-0.009250098787674924,0.6
