topk_sharpe,universe_sharpe,topk_turnover,topk_cum_return,universe_cum_return
0.9385450304062772,0.9385450304062772,0.0034602076124567475,2.6718410274674147,2.6718410274674147
