name,value
walk_forward_mean_auc,0.5066021028257978
walk_forward_std_auc,0.019846721618733902
purged_kfold_mean_auc,0.505769842625905
purged_kfold_std_auc,0.02025743081673525
purged_kfold_horizon_mean_auc,0.506356469138775
purged_kfold_horizon_std_auc,0.020059496318309413
cpcv_mean_auc,0.508820756060201
cpcv_std_auc,0.01354810676221949
