split,n,n_positive,n_negative,frac_positive
train,13450,5154,8296,0.3831970260223048
validation,2880,1138,1742,0.3951388888888889
test,2590,1010,1580,0.38996138996138996
