split,n,n_positive,n_negative,frac_positive
train,12780,6404,6376,0.5010954616588419
validation,2740,1382,1358,0.5043795620437956
test,2740,1395,1345,0.5091240875912408
