model,accuracy,f1,roc_auc
logreg_pca,0.49452554744525545,0.46338628438589696,0.4843676966329562
logreg_baseline,0.49562043795620436,0.4546172059984215,0.4838853579565895
random_forest_optuna,0.4854014598540146,0.456437933693138,0.4776698511678724
