observed_mean,p_value_one_sided,bootstrap_mean,bootstrap_std,n_bootstrap,block_len
-0.009250098787674924,0.537,-0.00949690229193208,0.008922915809797205,2000,5
