observed_mean,p_value_one_sided,bootstrap_mean,bootstrap_std,n_bootstrap,block_len
-0.009436915562078292,0.565,-0.008885807358983306,0.008929970550292625,200,5
