observed_mean,p_value_one_sided,bootstrap_mean,bootstrap_std,n_bootstrap,block_len
-0.009490942248233807,0.5335,-0.00973765454708649,0.00891763805222782,2000,5
