observed_mean,p_value_one_sided,bootstrap_mean,bootstrap_std,n_bootstrap,block_len
-0.009202413478107567,0.56,-0.008644572495837295,0.008925852704045575,200,5
