observed_mean,p_value_one_sided,bootstrap_mean,bootstrap_std,n_bootstrap,block_len
-0.009266857696781849,0.57,-0.008718132123185564,0.00893062732969683,200,5
