strategy,ic,precision_at_k,sharpe,average_return,hit_rate
alternative_data_strategy,4.429580004511877e-18,0.3512110726643598,0.9440152216811952,0.0138193100431129,0.5
fundamental_strategy,0.0431701137519678,0.4619377162629758,-0.4699511774034828,-0.0016287581801156,0.5188284518828452
hybrid_strategy,-0.0508069353127121,0.3979238754325259,0.8766094035242078,0.0214549009142164,0.4518828451882845
technical_only,-0.060876281646442,0.4134948096885813,0.5929070194694631,0.0024755499874767,0.4456066945606695
