strategy,ic,precision_at_k,sharpe,average_return,hit_rate
alternative_data_strategy,4.429580004511877e-18,0.35121107266435986,0.9440152216811952,0.013819310043112959,0.5
hybrid_strategy,-0.050806935312712166,0.39792387543252594,0.8766094035242078,0.02145490091421643,0.45188284518828453
technical_only,-0.06087628164644204,0.4134948096885813,0.5929070194694631,0.002475549987476753,0.4456066945606695
fundamental_strategy,0.04317011375196786,0.4619377162629758,-0.46995117740348286,-0.001628758180115679,0.5188284518828452
